<?xml version="1.0" encoding="UTF-8"?>
<configuration>
    <property name="LOG_PATH" value="D:/LOGS" />
	<property name="LOG_FILE" value="redis" />

	<appender name="appender"
		class="ch.qos.logback.core.rolling.RollingFileAppender">
		<File>${LOG_PATH}/${LOG_FILE}.log</File>
		<rollingPolicy class="ch.qos.logback.core.rolling.TimeBasedRollingPolicy">

			<FileNamePattern>${LOG_PATH}/%d{yyyy-MM-dd}/${LOG_FILE}.%d{yyyy-MM-dd}.log
			</FileNamePattern>
			<!-- keep 30 days' worth of history capped at 15GB total size -->
			<maxHistory>30</maxHistory>
			<totalSizeCap>15GB</totalSizeCap>

		</rollingPolicy>
		<encoder>
			<Pattern>%d{yyyy-MM-dd HH:mm:ss} %(%5level) %logger - %msg%n
			</Pattern>
		</encoder>
	</appender>

	<appender name="stdout" class="ch.qos.logback.core.ConsoleAppender">
		<encoder>
			<Pattern>%d{yyyy-MM-dd HH:mm:ss} %5level %logger - %msg%n
			</Pattern>
		</encoder>
		<filter class="ch.qos.logback.classic.filter.ThresholdFilter">
			<level>TRACE</level>
		</filter>
	</appender>

	<root level="INFO">
		<appender-ref ref="appender" />
	</root>
	<logger name="org.springframework" level="WARN" additivity="false">
		<appender-ref ref="appender" />
	</logger>
	<logger name="com.project.redis" level="DEBUG" additivity="false">
		<appender-ref ref="appender" />
	</logger>

</configuration>